{
  "galvo": {
    "EvtVnd1": 
    [
      { "hex": 2, "dec": 2, "codes": "107,108", "class": "Grid error"},
      { "hex": 4, "dec": 4, "codes": "301", "class": "Overcurrent AC"},
      { "hex": 8, "dec": 8, "codes": "302", "class": "Overcurrent DC"},
      { "hex": 10, "dec": 16, "codes": "303,304", "class": "Over-temperature"},
      { "hex": 20, "dec": 32, "codes": "306", "class": "Power low"},
      { "hex": 40, "dec": 64, "codes": "307", "class": "DC low"},
      { "hex": 80, "dec": 128, "codes": "308", "class": "Intermediate circuit error"},
      { "hex": 100, "dec": 256, "codes": "105", "class": "AC frequency too high"},
      { "hex": 200, "dec": 512, "codes": "106", "class": "AC frequency too low"},
      { "hex": 400, "dec": 1024, "codes": "102", "class": "AC voltage too high"},
      { "hex": 800, "dec": 2048, "codes": "103", "class": "AC voltage too low"},
      { "hex": 1000, "dec": 4096, "codes": "408", "class": "Direct current feed in"},
      { "hex": 2000, "dec": 8192, "codes": "457", "class": "Relay problem"},
      { "hex": 10000, "dec": 65536, "codes": "453", "class": "Guard Controller - AC voltage error"},
      { "hex": 20000, "dec": 131072, "codes": "454", "class": "Guard Controller - AC Frequency Error"},
      { "hex": 200000, "dec": 2097152, "codes": "412", "class": "Fixed voltage lower than current MPP voltage"},
      { "hex": 400000, "dec": 4194304, "codes": "721", "class": "Memory fault"},
      { "hex": 1000000, "dec": 16777216, "codes": "401,416,425,452", "class": "Internal communication error"},
      { "hex": 2000000, "dec": 33554432, "codes": "406,407", "class": "Temperature sensors defective"},
      { "hex": 4000000, "dec": 67108864, "codes": "460", "class": "DC or AC board fault"},
      { "hex": 8000000, "dec": 134217728, "codes": "415", "class": "ENS error"},
      { "hex": 20000000, "dec": 536870912, "codes": "472,551", "class": "Defective fuse"}
    ],
    "EvtVnd2": 
    [
      { "hex": 4, "dec": 4, "codes": "509", "class": "24h no feed in"},
      { "hex": 40, "dec": 64, "codes": "558", "class": "Incompatible or old software"},
      { "hex": 80, "dec": 128, "codes": "517", "class": "Power Derating Due To Overtemperature"},
      { "hex": 800, "dec": 2048, "codes": "560", "class": "Power reduction on error"},
      { "hex": 1000, "dec": 4096, "codes": "240", "class": "Arc Detected"},
      { "hex": 2000, "dec": 8192, "codes": "245", "class": "AFCI Self Test Failed"},
      { "hex": 4000, "dec": 16384, "codes": "247", "class": "Current Sensor Error"},
      { "hex": 10000, "dec": 65536, "codes": "249", "class": "AFCI Defective"},
      { "hex": 4000000, "dec": 67108864, "codes": "766", "class": "Power limitation fault"},
      { "hex": 40000000, "dec": 1073741824, "codes": "705", "class": "SolarNet issue"}
    ],
    "EvtVnd3": 
    [
      { "hex": 1, "dec": 1, "codes": "751,752,757,758", "class": "Time error"},
      { "hex": 2, "dec": 2, "codes": "731,732,733,734,735,736,738,743,745", "class": "USB error"},
      { "hex": 4, "dec": 4, "codes": "309", "class": "DC high"}
    ]
  }
}
