{
  "igplus": {
    "EvtVnd1": 
    [
      { "hex": 2, "dec": 2, "codes": "107,108,109,117,127,137,305", "class": "Grid erro"},
      { "hex": 4, "dec": 4, "codes": "301", "class": "Overcurrent A"},
      { "hex": 8, "dec": 8, "codes": "302", "class": "Overcurrent D"},
      { "hex": 10, "dec": 16, "codes": "303,304", "class": "Over-temperatur"},
      { "hex": 20, "dec": 32, "codes": "306", "class": "Power lo"},
      { "hex": 40, "dec": 64, "codes": "307", "class": "DC lo"},
      { "hex": 80, "dec": 128, "codes": "308", "class": "Intermediate circuit erro"},
      { "hex": 100, "dec": 256, "codes": "105,115,125,135", "class": "AC frequency too hig"},
      { "hex": 200, "dec": 512, "codes": "106,116,126,136", "class": "AC frequency too lo"},
      { "hex": 400, "dec": 1024, "codes": "102,112,122,132", "class": "AC voltage too hig"},
      { "hex": 800, "dec": 2048, "codes": "103,113,123,133", "class": "AC voltage too lo"},
      { "hex": 1000, "dec": 4096, "codes": "408", "class": "Direct current feed i"},
      { "hex": 2000, "dec": 8192, "codes": "207,208,457", "class": "Relay proble"},
      { "hex": 4000, "dec": 16384, "codes": "417,419,421,431,439,442,445,450,512,513,514,516,553", "class": "Internal power stage erro"},
      { "hex": 8000, "dec": 32768, "codes": "413", "class": "Control problem"},
      { "hex": 10000, "dec": 65536, "codes": "453", "class": "Guard Controller - AC voltage erro"},
      { "hex": 20000, "dec": 131072, "codes": "454", "class": "Guard Controller - AC Frequency Erro"},
      { "hex": 40000, "dec": 262144, "codes": "443", "class": "Energy transfer not possibl"},
      { "hex": 80000, "dec": 524288, "codes": "455", "class": "Reference power source AC outside tolerance"},
      { "hex": 100000, "dec": 1048576, "codes": "456", "class": "Error during anti islanding tes"},
      { "hex": 200000, "dec": 2097152, "codes": "412", "class": "Fixed voltage lower than current MPP voltag"},
      { "hex": 400000, "dec": 4194304, "codes": "403,414,451,505,506,507,510,511", "class": "Memory faul"},
      { "hex": 800000, "dec": 8388608, "codes": "464,465,466,467", "class": "Displa"},
      { "hex": 1000000, "dec": 16777216, "codes": "401,402,416,425,452", "class": "Internal communication erro"},
      { "hex": 2000000, "dec": 33554432, "codes": "406,407", "class": "Temperature sensors defectiv"},
      { "hex": 4000000, "dec": 67108864, "codes": "460,461", "class": "DSP erro"},
      { "hex": 8000000, "dec": 134217728, "codes": "248", "class": "ENS erro"},
      { "hex": 20000000, "dec": 536870912, "codes": "471,472,551", "class": "Defective fus"},
      { "hex": 40000000, "dec": 1073741824, "codes": "469", "class": "Output choke connected to wrong pole"},
      { "hex": 80000000, "dec": 2147483648, "codes": "470", "class": "The buck converter relay does not open at high DC voltag"}
    ],
    "EvtVnd2": 
    [
      { "hex": 1, "dec": 1, "codes": "504", "class": "No SolarNet communicatio"},
      { "hex": 2, "dec": 2, "codes": "508", "class": "Inverter address incorrec"},
      { "hex": 4, "dec": 4, "codes": "509", "class": "24h no feed i"},
      { "hex": 8, "dec": 8, "codes": "515", "class": "Faulty plug connection"},
      { "hex": 40, "dec": 64, "codes": "558", "class": "Incompatible or old softwar"},
      { "hex": 80, "dec": 128, "codes": "517", "class": "Change of maste"},
      { "hex": 100, "dec": 256, "codes": "550", "class": "Jumper set incorrectl"},
      { "hex": 200, "dec": 512, "codes": "559", "class": "LVR"},
      { "hex": 800, "dec": 2048, "codes": "560,561", "class": "Power reduction on erro"},
      { "hex": 1000, "dec": 4096, "codes": "240", "class": "Arc Detecte"},
      { "hex": 2000, "dec": 8192, "codes": "245", "class": "AFCI Self Test Faile"},
      { "hex": 4000, "dec": 16384, "codes": "247", "class": "Current Sensor Erro"},
      { "hex": 10000, "dec": 65536, "codes": "249", "class": "AFCI Defectiv"},
      { "hex": 20000, "dec": 131072, "codes": "250", "class": "AFCI Manual Test Successfu"},
      { "hex": 40000, "dec": 262144, "codes": "476", "class": "Power Stack Supply Missin"},
      { "hex": 80000, "dec": 524288, "codes": "477", "class": "AFCI Communication Stoppe"},
      { "hex": 100000, "dec": 1048576, "codes": "478", "class": "AFCI Manual Test Faile"}
    ]
  }
}
